{
  "core": {
    "highest": 32
  },
  "general": {
    "allowFlowingWater": true,
    "allowFlowingLava": true,
    "storagePerPixel": 1.0,
    "enableBed": true,
    "enableAnimationCollision": true,
    "enableCollisionMotion": true,
    "dyeVolume": 2.0,
    "maxAllowedDensity": 2048,
    "maxDoorDistance": 512
  },
  "build": {
    "default": {
      "harvestLevelBlock": "WOOD",
      "editUnbreakable": false,
      "minimumTransparency": 255,
      "affectedBlockLimit": {
        "enabled": true,
        "content": 2
      },
      "editBlockLimit": {
        "enabled": true,
        "content": 10
      },
      "placeBlockLimit": {
        "enabled": true,
        "content": 10
      },
      "blueprintSizeLimit": {
        "enabled": false,
        "content": 16
      },
      "gridLimit": {
        "enabled": false,
        "content": 32
      },
      "defaultGrid": 16
    },
    "survival": {
      "harvestLevelBlock": "STONE",
      "editUnbreakable": false,
      "minimumTransparency": 255,
      "affectedBlockLimit": {
        "enabled": true,
        "content": 2
      },
      "editBlockLimit": {
        "enabled": true,
        "content": 10
      },
      "placeBlockLimit": {
        "enabled": true,
        "content": 10
      },
      "blueprintSizeLimit": {
        "enabled": false,
        "content": 16
      },
      "gridLimit": {
        "enabled": false,
        "content": 32
      },
      "defaultGrid": 16
    },
    "creative": {
      "harvestLevelBlock": "DIAMOND",
      "editUnbreakable": true,
      "minimumTransparency": 0,
      "affectedBlockLimit": {
        "enabled": false,
        "content": 2
      },
      "editBlockLimit": {
        "enabled": false,
        "content": 10
      },
      "placeBlockLimit": {
        "enabled": false,
        "content": 10
      },
      "blueprintSizeLimit": {
        "enabled": false,
        "content": 16
      },
      "gridLimit": {
        "enabled": false,
        "content": 32
      },
      "defaultGrid": 16
    }
  }
}