{
  "building": {
    "invertStickToGrid": false,
    "maxSavedActions": 32,
    "useALTForEverything": false,
    "useAltWhenFlying": true
  },
  "rendering": {
    "useQuadCache": false,
    "useCubeCache": true,
    "renderingThreadCount": 2,
    "highlightStructureBox": true,
    "previewLines": false,
    "previewLineThickness": 2,
    "enableRandomDisplayTick": false,
    "uploadToVBODirectly": true,
    "showTooltip": true,
    "itemCacheDuration": 5000,
    "entityCacheBuildThreads": 1,
    "connectedShapeBlocksLimit": 128
  }
}