{
    "replace": false,
    "order": 0,
    "enabled": true,
    "origins": [
      "origins:arachnid",
      "origins:avian",
      "origins:blazeborn",
      "origins:elytrian",
      "origins:enderian",
      "origins:feline",
      "origins:human",
      "origins:merling",
      "origins:phantom",
      "origins:shulk",
      "zings:dwarf",
      "zings:the_flying_scorch",
      "zings:hobo"
    ],
    "allow_random": true,
    "exclude_random": [
      "origins:human"
    ],
    "allow_random_unchoosable": false,
    "hidden": false
  }