{
	"type":"origins:action_over_time",
	"hidden":true,
	"entity_action":{
		"type":"origins:if_else",
		"condition":{
			"type":"origins:resource",
			"resource":"zings:scorch_size_resource",
			"comparison":"<",
			"compare_to":1
		},
		"if_action":{
			"type":"origins:execute_command",
			"command":"function zings:scorch/small"
		},
		"else_action":{
			"type":"origins:if_else",
			"condition":{
				"type":"origins:resource",
				"resource":"zings:scorch_size_resource",
				"comparison":">",
				"compare_to":1
			},
			"if_action":{
				"type":"origins:execute_command",
				"command":"function zings:scorch/large"
			},
			"else_action":{
				"type":"origins:execute_command",
				"command":"function zings:scorch/normal"
			}
		}
	},
	"interval":20
}