{
	"type":"origins:active_self",
	"entity_action":{
		"type":"origins:if_else",
		"condition":{
			"type":"origins:resource",
			"resource":"zings:scorch_size_resource",
			"comparison":"<",
			"compare_to":1
		},
		"if_action":{
			"type":"origins:change_resource",
			"resource":"zings:scorch_size_resource",
			"change":2
		},
		"else_action":{
			"type":"origins:if_else",
			"condition":{
				"type":"origins:resource",
				"resource":"zings:scorch_size_resource",
				"comparison":">",
				"compare_to":1
			},
			"if_action":{
				"type":"origins:change_resource",
				"resource":"zings:scorch_size_resource",
				"change":-1
			},
			"else_action":{
				"type":"origins:change_resource",
				"resource":"zings:scorch_size_resource",
				"change":-1
			}
		}
	},
	"cooldown":5,
	"key":"key.origins.secondary_active"
}